{
  "initial_energy": 0.09866357858642189,
  "final_energy": 0.09848162879361837,
  "mean_drift": 9.406024122243838e-05,
  "max_drift": 0.00018194979280351797,
  "std_drift": 5.3919692781955876e-05,
  "n_steps": 51
}