{
  "initial_energy": 0.09856623356902713,
  "final_energy": 0.09848459514262303,
  "mean_drift": 4.386099866890095e-05,
  "max_drift": 8.163842640410146e-05,
  "std_drift": 2.3996226442794205e-05,
  "n_steps": 101
}