{
  "initial_energy": 0.09856623356902713,
  "final_energy": 0.09839375608113472,
  "mean_drift": 9.079836555814209e-05,
  "max_drift": 0.00017247748789241124,
  "std_drift": 5.113969430511431e-05,
  "n_steps": 51
}